Brand,Model,Body_Type,Variant,Seater,Price,Fuel_Type,Location,Gearbox_Type
Hyundai,Creta,SUV,1.5 E,5,13.01,Petrol,Delhi,Manual
Hyundai,Venue,SUV,1.2 E,5,9.06,Petrol,Delhi,Manual
Kia,Sonet,SUV,1.2 HTE(O),5,9.5,Petrol,Delhi,Manual
Kia,Syros,SUV,1.0 HTK Turbo,5,10.6,Petrol,Delhi,Manual
Maruti Suzuki,Suzuki Baleno,Hatchback,1.2 Sigma,5,7.58,Petrol,Delhi,Manual
Maruti Suzuki,Suzuki Brezza,SUV,LXi,5,9.76,Petrol,Delhi,Manual
Maruti Suzuki,Suzuki Grand Vitara,SUV,Sigma,5,13.11,Petrol,Delhi,Manual
Mahindra,XUV700,SUV,2.2 AX7 Luxury Pack 6 STR Diesel,7,27.44,Diesel,Delhi,Manual
Mahindra,Scorpio-N,SUV,2.0 Z2 Petrol (E),7,16.89,Petrol,Delhi,Manual
Tata,Punch,SUV,Pure,5,6.71,Petrol,Delhi,Manual
Tata,Nexon,SUV,1.2 Smart Plus,5,10.02,Petrol,Delhi,Manual
Tata,Curvv EV,SUV,Empowered Plus 55,5,22.35,Electric,Delhi,Automatic
Maruti Suzuki,Suzuki Swift,Hatchback,LXi,5,7.31,Petrol,Delhi,Manual
Hyundai,Grand i10 Nios,Hatchback,1.2 Era,5,6.71,Petrol,Delhi,Manual
Hyundai,Aura,Sedan,1.2 E CNG,5,8.63,CNG,Delhi,Manual
Maruti Suzuki,Suzuki Wagon R,Hatchback,1.0 LXi,5,6.34,Petrol,Delhi,Manual
Maruti Suzuki,Suzuki Celerio,Hatchback,LXi,5,6.23,Petrol,Delhi,Manual
Honda,City,Sedan,1.5 SV-R,5,14.4,Petrol,Delhi,Manual
Renault,Kiger,SUV,RXE,5,7.08,Petrol,Delhi,Manual
Renault,TriberMPV/MUV7,MPV/MUV,1.0 RXE,7,7.08,Petrol,Delhi,Manual
Renault,Kwid,Hatchback,1.0 RXL(O),5,5.76,Petrol,Delhi,Manual
Tata,Nexon EV,SUV,Fearless 45,5,15.87,Electric,Delhi,Automatic
Hyundai,i20 N Line,Hatchback,N8,5,13.25,Petrol,Delhi,Manual
Toyota,Glanza,Hatchback,V,5,11.1,Petrol,Delhi,Manual
Maruti Suzuki,Suzuki ErtigaMPV/MUV7,MPV/MUV,VXi,7,11.66,Petrol,Delhi,Manual
Maruti Suzuki,Suzuki XL6,SUV,Zeta,6,13.61,Petrol,Delhi,Manual
Maruti Suzuki,Suzuki Alto K10,Hatchback,LXi (O) (2 Airbags),5,5.5,Petrol,Delhi,Manual
Hyundai,Venue N-Line,SUV,N6,5,14.15,Petrol,Delhi,Manual
Hyundai,Tucson,SUV,2.0 Platinum AT Petrol,5,34.14,Petrol,Delhi,Automatic
Maruti Suzuki,Suzuki EecoMinivan/Van7,Minivan/Van,5 STR STD,7,6.43,Petrol,Delhi,Manual
Kia,Carens,SUV,1.5 Premium(O) 7 STR Petrol,7,13.22,Petrol,Delhi,Manual
Toyota,Urban Cruiser Hyryder,SUV,Hybrid G CVT,5,21.84,Petrol,Delhi,Automatic
Honda,Elevate,SUV,SV-R,5,14.03,Petrol,Delhi,Manual
Toyota,Rumion,SUV,S AT Neo Drive,7,14.13,Petrol,Delhi,Automatic
Toyota,Innova Crysta,SUV,GX 7 STR,8,23.79,Diesel,Delhi,Manual
Mg,ZS EV,SUV,Executive,5,19.09,Electric,Delhi,Automatic
Mg,Hector Plus,SUV,1.5 Select Pro,7,22.22,Petrol,Delhi,Manual
Mg,Hector,SUV,1.5 Shine Pro,5,19.81,Petrol,Delhi,Manual
Mg,Gloster,SUV,2.0 Sharp 7 STR,7,48.09,Diesel,Delhi,Automatic
Mg,Comet EV,Hatchback,Excite,4,9.02,Electric,Delhi,Automatic
Mg,Astor,SUV,1.5 Sprint,5,13.35,Petrol,Delhi,Manual
Kia,Seltos,SUV,1.5 HTE (O),5,13.0,Petrol,Delhi,Manual
Skoda,Slavia,Sedan,1.0 Classic,5,12.32,Petrol,Delhi,Manual
Skoda,Kushaq,SUV,1.0 Sportline,5,17.44,Petrol,Delhi,Manual
Hyundai,Exter,SUV,1.2 EX,5,6.73,Petrol,Delhi,Manual
Maruti Suzuki,Suzuki Fronx,SUV,1.2 Sigma,5,8.51,Petrol,Delhi,Manual
Maruti Suzuki,Suzuki Invicto,SUV,Zeta Plus 7 STR,7,29.25,Petrol,Delhi,Automatic
Hyundai,Verna,Sedan,1.5 SX(O) IVT,5,19.09,Petrol,Delhi,Automatic
Tata,Harrier,SUV,Pure Plus S,5,22.14,Diesel,Delhi,Manual
Mahindra,Scorpio Classic,SUV,2.2 S 7STR,7,16.93,Diesel,Delhi,Manual
Hyundai,i20,Hatchback,1.2 Magna Executive,5,8.58,Petrol,Delhi,Manual
Tata,Punch EV,SUV,Adventure LR 3.3,5,13.65,Electric,Delhi,Automatic
Mahindra,XUV400,SUV,EL Pro 39.4 kWh,5,18.74,Electric,Delhi,Automatic
Maruti Suzuki,Suzuki Jimny,SUV,Zeta,4,14.61,Petrol,Delhi,Manual
Mahindra,XUV 3XO,SUV,1.5 MX3,5,13.54,Diesel,Delhi,Manual
Toyota,Urban Cruiser Taisor,SUV,1.2 E,5,8.74,Petrol,Delhi,Manual
Maruti Suzuki,Suzuki Ignis,Hatchback,1.2 Sigma MT,5,6.42,Petrol,Delhi,Manual
Hyundai,Creta N Line,SUV,N8 DCT,5,21.42,Petrol,Delhi,Automatic
Maruti Suzuki,Suzuki S-Presso,SUV,1.0 LXi,5,5.52,Petrol,Delhi,Manual
Volkswagen,Virtus,Sedan,1.0 Comfortline,5,13.4,Petrol,Delhi,Manual
Volkswagen,Taigun,SUV,1.0 Comfortline,5,13.67,Petrol,Delhi,Manual
Mahindra,Bolero,SUV,B6(O),7,13.42,Diesel,Delhi,Manual
Mahindra,Thar,SUV,1.5 LX Hard Top Diesel,4,16.32,Diesel,Delhi,Manual
Tata,Safari,SUV,Smart,7,18.37,Diesel,Delhi,Manual
Toyota,Fortuner Legender,SUV,2.8 4x2 AT,7,53.19,Diesel,Delhi,Automatic
Mahindra,Bolero Neo,SUV,1.5 N4,7,11.91,Diesel,Delhi,Manual
Tata,Curvv,SUV,1.2 Pure Plus,5,13.12,Petrol,Delhi,Manual
Hyundai,IONIQ 5,SUV,RWD,5,47.72,Electric,Delhi,Automatic
Toyota,Fortuner,SUV,2.8 4x2 MT,7,43.61,Diesel,Delhi,Manual
Tata,Tigor,Sedan,XM,5,6.69,Petrol,Delhi,Manual
Tata,Tiago EV,Hatchback,XT MR,5,9.64,Electric,Delhi,Automatic
Tata,Tiago NRG,Hatchback,XZ,5,8.3,Petrol,Delhi,Manual
Honda,Amaze,Sedan,V,5,9.19,Petrol,Delhi,Manual
Mahindra,XEV 9e,SUV,Pack Three,5,33.42,Electric,Delhi,Automatic
Nissan,Magnite,SUV,1.0 Visia,5,7.08,Petrol,Delhi,Manual
Maruti Suzuki,launchMaruti Suzuki Dzire,Sedan,LXi,5,7.74,Petrol,Delhi,Manual
Tata,Tiago,Hatchback,XE,5,5.62,Petrol,Delhi,Manual
Mahindra,BE 6,SUV,Pack Three,5,29.61,Electric,Delhi,Automatic
Mahindra,Thar Roxx,SUV,2.0 MX3 AT,5,18.89,Petrol,Delhi,Automatic
Skoda,Kylaq,SUV,Classic,5,9.5,Petrol,Delhi,Manual
Mg,Windsor EV,SUV,Essence,5,17.19,Electric,Delhi,Automatic
Hyundai,Creta Electric,SUV,Smart,5,20.24,Electric,Delhi,Automatic
Hyundai,Alcazar,SUV,Executive,7,17.48,Petrol,Delhi,Manual
Kia,Carens Clavis EVMPV/MUV7,MPV/MUV,HTK Plus,7,18.91,Electric,Delhi,Automatic
Volkswagen,launchVolkswagen Tiguan R-Line,SUV,2.0L TSI,5,56.81,Petrol,Delhi,Automatic
Tata,launchTata Altroz,Hatchback,1.2 Smart,5,7.85,Petrol,Delhi,Manual
Renault,TriberMPV/MUV7,MPV/MUV,Authentic,7,7.25,Petrol,Delhi,Manual
Skoda,launchSkoda Kodiaq,SUV,Sportline,7,54.57,Petrol,Delhi,Automatic
Maruti Suzuki,Suzuki Baleno,Hatchback,1.2 Sigma,5,7.57,Petrol,Delhi,Manual
Citroen,Aircross,SUV,1.2 You,5,9.74,Petrol,Delhi,Manual
Maruti Suzuki,Suzuki ErtigaMPV/MUV7,MPV/MUV,LXi,7,10.15,Petrol,Delhi,Manual
Maruti Suzuki,Suzuki Fronx,SUV,1.2 Delta AGS,5,9.96,Petrol,Delhi,Automatic
Citroen,Basalt,SUV,You,5,9.43,Petrol,Delhi,Manual
Tata,Harrier EV,SUV,Empowered 75,5,28.87,Electric,Delhi,Automatic
Maruti Suzuki,Suzuki XL6,SUV,Alpha AT,6,16.42,Petrol,Delhi,Automatic
Kia,Carens Clavis,SUV,1.5 HTE,6,13.32,Petrol,Delhi,Manual
Citroen,C3,SUV,1.2 Live,5,7.15,Petrol,Delhi,Manual
Toyota,Innova Hycross,SUV,2.0 GX 7 STR CVT,8,23.97,Petrol,Delhi,Automatic
Bentley,Bentayga,SUV,EWB,5,676.0,Petrol,Delhi,Automatic
Mercedes-Benz,AMG EQS,Sedan,53 4MATIC Plus,5,252.0,Electric,Delhi,Automatic
Mercedes-Benz,EQE,SUV,500 4MATIC,5,148.0,Electric,Delhi,Automatic
Mercedes-Benz,EQS,Sedan,580 4MATIC,5,170.0,Electric,Delhi,Automatic
Mercedes-Benz,G-Class,SUV,G 400 d AMG Line,5,305.0,Diesel,Delhi,Automatic
Mercedes-Benz,GLA,SUV,220d AMG Line 4MATIC,5,65.46,Diesel,Delhi,Automatic
Jeep,Compass,SUV,2.0 Model S (O) Diesel,5,32.99,Diesel,Delhi,Manual
Citroen,E-C3,SUV,Live,5,12.96,Electric,Delhi,Automatic
Mercedes-Benz,GLB,SUV,220d 4MATIC AMG Line,7,85.59,Diesel,Delhi,Automatic
Jeep,Meridian,SUV,2.0 Limited (O) AT Diesel,7,41.46,Diesel,Delhi,Automatic
Citroen,C5 Aircross,SUV,Feel,5,44.38,Diesel,Delhi,Automatic
Mercedes-Benz,Maybach GLS,SUV,600 4MATIC,5,388.0,Petrol,Delhi,Automatic
Mercedes-Benz,Maybach S-Class,Sedan,S 680 4MATIC,5,398.0,Petrol,Delhi,Automatic
Mercedes-Benz,S-Class,Sedan,S 450 4MATIC,5,217.0,Petrol,Delhi,Automatic
Bmw,2 Series Gran CoupeCoupe5,Coupe,M Performance Edition,5,52.18,Petrol,Delhi,Automatic
Bmw,3 Series Gran LimousineCoupe5,Coupe,330Li M Sport,5,68.62,Petrol,Delhi,Automatic
Lamborghini,HuracanCoupe2,Coupe,Evo AWD,2,421.0,Petrol,Delhi,Automatic
Mahindra,Bolero Neo Plus,SUV,P4,9,13.88,Diesel,Delhi,Manual
Bmw,i7,Sedan,M70 xDrive,5,261.0,Electric,Delhi,Automatic
Bmw,iX,SUV,xDrive 40,5,126.0,Electric,Delhi,Automatic
Bmw,iX1,SUV,xDrive30 M Sport,5,70.01,Electric,Delhi,Automatic
Bmw,M2Coupe4,Coupe,3.0 Petrol,4,118.0,Petrol,Delhi,Automatic
Bmw,M340i,Sedan,xDrive,5,85.88,Petrol,Delhi,Automatic
Bmw,M8Coupe4,Coupe,Coupe,4,275.0,Petrol,Delhi,Automatic
Bmw,X3 M40i,SUV,xDrive,5,99.18,Petrol,Delhi,Automatic
Bmw,X4 M40i,SUV,xDrive,5,109.0,Petrol,Delhi,Automatic
Bmw,X5,SUV,xDrive40i xLine,5,112.00000000000001,Petrol,Delhi,Automatic
Aston Martin,Martin DBX,SUV,707,5,522.0,Petrol,Delhi,Automatic
Aston Martin,Martin VantageCoupe2,Coupe,V8,2,450.0,Petrol,Delhi,Automatic
Bmw,i5,Sedan,M60 xDrive,5,125.0,Electric,Delhi,Automatic
Bmw,5 Series,Sedan,530Li M Sport (Titanium Bronze),5,82.66,Petrol,Delhi,Automatic
Byd,Atto 3,SUV,Dynamic,5,25.86,Electric,Delhi,Automatic
Byd,Seal,Sedan,Premium,5,47.26,Electric,Delhi,Automatic
Audi,A8 L,Sedan,Technology,4,184.0,Petrol,Delhi,Automatic
Jeep,Wrangler,SUV,Unlimited,5,76.56,Petrol,Delhi,Automatic
Ferrari,296 GTBCoupe2,Coupe,3.0 Petrol,2,609.0,Petrol,Delhi,Automatic
Ferrari,296 GTSConvertible2,Convertible,3.0 Petrol,2,704.0,Petrol,Delhi,Automatic
Ferrari,F8 TributoCoupe2,Coupe,Berlinetta,2,454.0,Petrol,Delhi,Automatic
Ferrari,PortofinoConvertible2-4,Convertible,M,4,395.0,Petrol,Delhi,Automatic
Audi,e-tron Sportback,SUV,55,5,124.0,Electric,Delhi,Automatic
Bmw,Z4Convertible2,Convertible,M 40i,2,106.0,Petrol,Delhi,Automatic
Audi,Q3,SUV,Bold Editon,5,63.88,Petrol,Delhi,Automatic
Audi,Q3 Sportback,SUV,Bold Edition,5,65.37,Petrol,Delhi,Automatic
Audi,Q5,SUV,Bold Edition,5,84.61,Petrol,Delhi,Automatic
Mercedes-Benz,AMG GLC43 CoupeCoupe5,Coupe,4MATIC,5,128.0,Petrol,Delhi,Automatic
Land Rover,Rover Defender,SUV,90 Carpathian 5.0 Petrol,5,249.00000000000003,Petrol,Delhi,Automatic
Audi,A6,Sedan,Technology 45 TFSI W/O Matrix,5,75.18,Petrol,Delhi,Automatic
Audi,e-tron,SUV,55 Technology,5,129.0,Electric,Delhi,Automatic
Audi,A4,Sedan,Premium 40 TFSI,5,54.0,Petrol,Delhi,Automatic
Land Rover,Rover Range Rover,SUV,SE 4.4 Petrol,7,287.0,Petrol,Delhi,Automatic
Audi,Q8 e-tron,SUV,50,5,118.0,Electric,Delhi,Automatic
Bmw,7 Series,Sedan,740i M Sport,5,211.0,Petrol,Delhi,Automatic
Land Rover,Rover Range Rover Sport,SUV,HSE Dynamic 3.0 Diesel,5,170.0,Diesel,Delhi,Automatic
Land Rover,Rover Range Rover Velar,SUV,HSE Dynamic 2.0 Petrol,5,100.0,Petrol,Delhi,Automatic
Lotus,Eletre,SUV,R,4,308.0,Electric,Delhi,Automatic
Bmw,X1,SUV,sDrive18d M Sport,5,63.12,Diesel,Delhi,Automatic
Mercedes-Benz,E-Class,Sedan,E 200 Exclusive,5,86.1,Petrol,Delhi,Automatic
Mercedes-Benz,A-Class Limousine,Sedan,200d,5,56.17,Diesel,Delhi,Automatic
Mclaren,750SCoupe2,Coupe,Coupe,2,666.0,Petrol,Delhi,Automatic
Mercedes-Benz,AMG A45 S,Hatchback,4Matic Plus,5,106.0,Petrol,Delhi,Automatic
Mercedes-Benz,AMG C 43,Sedan,4MATIC,5,113.99999999999999,Petrol,Delhi,Automatic
Mercedes-Benz,EQB,SUV,350 4MATIC,7,82.51,Electric,Delhi,Automatic
Mercedes-Benz,GLC,SUV,220d 4MATIC,5,91.14,Diesel,Delhi,Automatic
Mercedes-Benz,GLS,SUV,450d 4MATIC,7,162.00000000000003,Diesel,Delhi,Automatic
Porsche,911Coupe2-4,Coupe,S/T,4,480.99999999999994,Petrol,Delhi,Automatic
Porsche,Cayenne,SUV,Base,4,162.99999999999997,Petrol,Delhi,Automatic
Porsche,Cayenne CoupeCoupe4,Coupe,Base,4,170.0,Petrol,Delhi,Automatic
Porsche,Macan,SUV,Base,5,112.99999999999999,Petrol,Delhi,Automatic
Porsche,Taycan,Sedan,4S,5,199.0,Electric,Delhi,Automatic
Porsche,Taycan Cross Turismo,Sedan,Turbo S,5,241.0,Electric,Delhi,Automatic
Rolls-Royce,Cullinan,SUV,SUV,5,813.0000000000001,Petrol,Delhi,Automatic
Rolls-Royce,Phantom,SUV,Sedan,5,1111.0,Petrol,Delhi,Automatic
Rolls-Royce,Spectre,SUV,Coupe,4,802.0,Electric,Delhi,Automatic
Volvo,C40 Recharge,SUV,E80,5,65.12,Electric,Delhi,Automatic
Mercedes-Benz,AMG GLA35,SUV,4MATIC,5,74.58,Petrol,Delhi,Automatic
Maserati,GranTurismoCoupe4-5,Coupe,Modena,5,318.0,Petrol,Delhi,Automatic
Land Rover,Rover Discovery,SUV,HSE R-Dynamic 2.0 Petrol,7,122.0,Petrol,Delhi,Automatic
Mercedes-Benz,G-Class Electric,SUV,G 580 Edition One,5,313.0,Electric,Delhi,Automatic
Toyota,HiluxPick-Up5,Pick-Up,Black Edition,5,45.56,Diesel,Delhi,Automatic
Aston Martin,Martin DB12Coupe4,Coupe,4.0-litre,4,518.0,Petrol,Delhi,Automatic
Mercedes-Benz,Maybach SL 680Convertible2,Convertible,Monogram Series,2,480.0,Petrol,Delhi,Automatic
Bmw,3 Series LWB,Sedan,330Li M Sport,5,73.31,Petrol,Delhi,Automatic
Lexus,LX,SUV,500d Urban,5,358.0,Diesel,Delhi,Automatic
Porsche,718Coupe2,Coupe,Cayman Style Edition,2,176.0,Petrol,Delhi,Automatic
Porsche,Macan Turbo EV,SUV,Electric SUV,5,176.0,Electric,Delhi,Automatic
Porsche,PanameraCoupe4,Coupe,G3,4,194.0,Petrol,Delhi,Automatic
Toyota,Land Cruiser,SUV,ZX Diesel,5,270.0,Diesel,Delhi,Automatic
Volvo,XC40 Recharge,SUV,Ultimate AWD,5,59.94,Electric,Delhi,Automatic
Audi,Q7,SUV,Signature Edition,7,113.99999999999999,Petrol,Delhi,Automatic
Jeep,Grand Cherokee,SUV,Signature Edition AT,5,79.19,Petrol,Delhi,Automatic
Mercedes-Benz,AMG G-Class,SUV,G 63,5,412.0,Petrol,Delhi,Automatic
Audi,Q8,SUV,55 TFSI quattro,5,135.0,Petrol,Delhi,Automatic
Mini,Countryman Electric,Hatchback,E,5,56.68,Electric,Delhi,Automatic
Mercedes-Benz,EQA,SUV,250 Plus,5,70.32,Electric,Delhi,Automatic
Mercedes-Benz,AMG E53 CabrioletConvertible4,Convertible,4MATIC Plus,4,147.0,Petrol,Delhi,Automatic
Mercedes-Benz,AMG S 63 E Performance,Sedan,Edition 1,5,429.0,Petrol,Delhi,Automatic
Mercedes-Benz,AMG GLE CoupeCoupe5,Coupe,53 4Matic Plus,5,214.0,Petrol,Delhi,Automatic
Mercedes-Benz,GLE,SUV,450d 4MATIC LWB,5,137.00000000000003,Diesel,Delhi,Automatic
Force Motors,Motors Gurkha,SUV,3 Door (4-Seater),4,19.72,Diesel,Delhi,Manual
Force Motors,Motors Gurkha 5 Door,SUV,7 Seater,7,21.2,Diesel,Delhi,Manual
Isuzu,V-Cross,SUV,Hi-Lander,5,24.84,Diesel,Delhi,Manual
Ferrari,Purosangue,SUV,V12,4,120.0,Petrol,Delhi,Automatic
Kia,EV9,SUV,GT-Line AWD,6,140.0,Electric,Delhi,Automatic
Mini,Cooper,Hatchback,S,4,51.13,Petrol,Delhi,Automatic
Skoda,Superb,Sedan,L&K,5,62.86,Petrol,Delhi,Automatic
Kia,Carnival,SUV,Limousine Plus,7,76.9,Diesel,Delhi,Automatic
Jaguar,I-PaceCoupe2-5,Coupe,HSE,5,129.0,Electric,Delhi,Automatic
Bmw,M4,Sedan,Competition,4,179.0,Petrol,Delhi,Automatic
Byd,eMax 7,SUV,Premium 6 STR,7,28.85,Electric,Delhi,Automatic
Aston Martin,Martin VanquishCoupe2,Coupe,V12,2,1011.0,Petrol,Delhi,Automatic
Kia,EV6,SUV,GT Line AWD,5,68.97,Electric,Delhi,Automatic
Audi,RS5Coupe5,Coupe,Sportback,5,132.0,Petrol,Delhi,Automatic
Audi,e-tron GT,Sedan,S,5,177.0,Electric,Delhi,Automatic
Audi,Q8 Sportback e-tron,Sedan,55,5,136.00000000000003,Electric,Delhi,Automatic
Audi,S5 SportbackCoupe5,Coupe,3.0 TFSI Quattro,5,89.16,Petrol,Delhi,Automatic
Mercedes-Benz,EQS,SUV,450 4Matic,7,134.0,Electric,Delhi,Automatic
Mercedes-Benz,Maybach EQS,SUV,680,5,238.0,Electric,Delhi,Automatic
Bmw,X3,SUV,xDrive 20d M Sport,5,91.14,Diesel,Delhi,Automatic
Byd,Sealion 7,SUV,Premium,5,52.54,Electric,Delhi,Automatic
Audi,RS Q8 Performance,Hatchback,4.0L TFSI,5,291.0,Petrol,Delhi,Automatic
Bmw,iX1 LWB,SUV,eDrive20L M Sport,5,51.35,Electric,Delhi,Automatic
Bmw,i4,Sedan,eDrive40 M Sport,5,81.06,Electric,Delhi,Automatic
Ferrari,RomaCoupe4,Coupe,Coupe,4,424.0,Petrol,Delhi,Automatic
Isuzu,MU-X,SUV,4x4 AT,7,44.19,Diesel,Delhi,Automatic
Jaguar,F-Pace,SUV,S R-Dynamic 2.0 Petrol,5,82.47,Petrol,Delhi,Automatic
Mclaren,GTCoupe2,Coupe,Coupe,2,420.0,Petrol,Delhi,Automatic
Mercedes-Benz,AMG GT 63 S E Performance,Sedan,Limousine,5,372.0,Petrol,Delhi,Automatic
Mercedes-Benz,AMG SL55 RoadsterConvertible4,Convertible,4MATIC Plus,4,283.0,Petrol,Delhi,Automatic
Mercedes-Benz,C-Class,Sedan,C 220d,5,69.66,Diesel,Delhi,Automatic
Volvo,EX40,SUV,Plus,5,60.23,Electric,Delhi,Automatic
Maserati,Grecale,SUV,GT,5,153.0,Petrol,Delhi,Automatic
Bmw,M5,Sedan,Competition,5,233.0,Petrol,Delhi,Automatic
Volvo,XC90,SUV,B5 Ultra,7,121.0,Petrol,Delhi,Automatic
Volkswagen,Golf GTI,Hatchback,2.0L TSI,5,60.86,Petrol,Delhi,Automatic
Land Rover,Rover Range Rover Evoque,SUV,Autobiography Diesel,5,81.45,Diesel,Delhi,Automatic
Tesla,Model Y,SUV,RWD,5,62.7,Electric,Delhi,Automatic
Mahindra,XUV300,SUV,1.2 W8(O) AMT Sunroof,5,15.53,Petrol,Delhi,Automatic
Maruti Suzuki,Suzuki Alto,Hatchback,LXi(O) CNG,5,5.73,CNG,Delhi,Manual
Maruti Suzuki,Suzuki Ciaz,Sedan,1.5 Zeta AT,5,13.31,Petrol,Delhi,Automatic
Tata,Nexon EV Prime,SUV,XZ Plus LUX Dark Edition,5,18.22,Electric,Delhi,Automatic
Kia,Seltos,SUV,1.4 X Line DCT,5,21.51,Petrol,Delhi,Automatic
Tata,Harrier,SUV,2.0 XTA+ Dark Edition,5,24.44,Diesel,Delhi,Automatic
Toyota,Innova Crysta,SUV,2.4 VX 7 STR Diesel,8,27.91,Diesel,Delhi,Manual
Nissan,Magnite,SUV,XV Turbo CVT Executive,5,10.05,Petrol,Delhi,Automatic
Tata,Nexon,SUV,1.2 XZ Plus Dark Edition Lux,5,14.3,Petrol,Delhi,Manual
Maruti Suzuki,Suzuki Swift,Hatchback,ZXi AMT,5,9.56,Petrol,Delhi,Automatic
Tata,Tiago EV,Hatchback,XZ Plus Long FC,5,12.15,Electric,Delhi,Automatic
Skoda,Kushaq,SUV,1.0 Style TSI AT Anniversary,5,20.32,Petrol,Delhi,Automatic
Hyundai,Aura,Sedan,1.2 SX(O) CRDi,5,10.69,Diesel,Delhi,Manual
Tata,Tiago,Hatchback,XE,5,5.73,Petrol,Delhi,Manual
Tata,Altroz,Hatchback,1.2 XZ,5,9.98,Petrol,Delhi,Manual
Hyundai,Alcazar,SUV,2.0 Signature(O) AT 7 STR Petrol,7,23.88,Petrol,Delhi,Automatic
Tata,Tigor,Sedan,XMA,5,8.31,Petrol,Delhi,Automatic
Kia,Carnival,SUV,Premium 8 Seater,9,30.72,Diesel,Delhi,Automatic
Hyundai,Grand i10 Nios,Hatchback,1.2 Asta Kappa VTVT,5,8.82,Petrol,Delhi,Manual
Hyundai,Creta,SUV,1.4 SX Turbo DCT Petrol,5,21.19,Petrol,Delhi,Automatic
Honda,Jazz,Hatchback,ZX CVT Petrol,5,12.23,Petrol,Delhi,Automatic
Hyundai,Verna,Sedan,1.5 VTVT SX(O) IVT,5,17.14,Petrol,Delhi,Automatic
Maruti Suzuki,Suzuki Dzire,Sedan,VXi,5,8.54,Petrol,Delhi,Manual
Kia,Sonet,SUV,1.5 HTX AT,5,15.14,Diesel,Delhi,Automatic
Hyundai,New i20,Hatchback,1.2 Magna Kappa,5,8.58,Petrol,Delhi,Manual
Mahindra,MarazzoMPV/MUV7-8,MPV/MUV,M4 Plus 8 STR,8,18.93,Diesel,Delhi,Manual
Kia,Sonet,SUV,1.0 Aurochs Edition iMT,5,13.82,Petrol,Delhi,Manual
Honda,City,Sedan,1.5 V Diesel,5,15.89,Diesel,Delhi,Manual
Honda,WR-V,SUV,SV MT Diesel,5,13.61,Diesel,Delhi,Manual
Maruti Suzuki,Suzuki S-Cross,SUV,Delta,5,11.76,Petrol,Delhi,Manual
Kia,Seltos,SUV,1.5 HTK Plus,5,15.47,Petrol,Delhi,Manual
Tata,Nexon EV Max,SUV,XZ Plus Lux 3.3 KW Jet,5,19.68,Electric,Delhi,Automatic
Hyundai,i20 N Line,Hatchback,1.0 N8 iMT,5,13.22,Petrol,Delhi,Manual
Honda,Amaze,Sedan,1.2 VX MT Petrol,5,10.22,Petrol,Delhi,Manual
Kia,Carens,SUV,1.5 Prestige 7 STR Petrol,7,13.48,Petrol,Delhi,Manual
Tata,Tiago NRG,Hatchback,1.2 XT,5,7.49,Petrol,Delhi,Manual
Skoda,Slavia,Sedan,1.0 Style TSI AT,5,18.81,Petrol,Delhi,Automatic
Volkswagen,Taigun,SUV,1.0 Comfortline TSI,5,13.69,Petrol,Delhi,Manual
Skoda,Rapid TSI,Sedan,Matte Limited Edition AT,5,15.88,Petrol,Delhi,Automatic
Skoda,Superb,Sedan,2.0 Sportline TSI AT,5,40.28,Petrol,Delhi,Automatic
Skoda,Kodiaq,SUV,L&K,7,46.66,Petrol,Delhi,Automatic
Skoda,Octavia,Sedan,2.0 L&K TSI,5,35.91,Petrol,Delhi,Automatic
Volkswagen,Virtus,Sedan,1.0 Comfortline TSI,5,13.53,Petrol,Delhi,Manual
Hyundai,Venue,SUV,1.2 SX,5,12.75,Petrol,Delhi,Manual
Mg,Astor,SUV,1.5 Style,5,12.65,Petrol,Delhi,Manual
Mg,Hector Plus,SUV,2.0 Style Turbo 7 STR,7,20.29,Diesel,Delhi,Manual
Mg,Hector,SUV,1.5 Shine Turbo CVT,5,20.0,Petrol,Delhi,Automatic
Hyundai,Alcazar,SUV,1.5 Platinum(O) DCT 6 STR Petrol,7,23.26,Petrol,Delhi,Automatic
Tata,Tigor EV,Sedan,XZ Plus LUX,5,14.7,Electric,Delhi,Automatic
Maruti Suzuki,Suzuki Grand Vitara,SUV,Zeta CNG,5,17.26,CNG,Delhi,Manual
Hyundai,Creta,SUV,1.5 SX(O) IVT Petrol Knight,5,20.94,Petrol,Delhi,Automatic
Tata,Harrier,SUV,2.0 XMS,5,21.69,Diesel,Delhi,Manual
Mg,ZS EV,SUV,Excite,5,21.3,Electric,Delhi,Automatic
Citroen,C3 Aircross,SUV,1.2 Max Vibe Pack AT,7,16.27,Petrol,Delhi,Automatic
Volkswagen,Tiguan,SUV,2.0 Elegance TSI AT,5,41.41,Petrol,Delhi,Automatic
Bmw,X3,SUV,xDrive20d M Sport,5,83.84,Diesel,Delhi,Automatic
Aston Martin,Martin DB11Coupe4,Coupe,Evolution,4,434.0,Petrol,Delhi,Automatic
Audi,Q7,SUV,Premium Plus 55 TFSI,7,100.0,Petrol,Delhi,Automatic
Bmw,M4 Competition,Sedan,M xDrive Coupe,4,199.0,Petrol,Delhi,Automatic
Kia,EV6,SUV,GT Line AWD,5,68.05,Electric,Delhi,Automatic
Byd,e6,SUV,GL,5,30.31,Electric,Delhi,Automatic
Mini,Countryman,SUV,Cooper S JCW Inspired,5,54.73,Petrol,Delhi,Automatic
Audi,RS Q8,SUV,4.0L TFSI,5,250.99999999999997,Petrol,Delhi,Automatic
Land Rover,Rover Range Rover Evoque,SUV,SE R-Dynamic Diesel,5,78.73,Diesel,Delhi,Automatic
